{"cameraMode":{"drawMode":0,"name":"Shaded","section":"Shading Mode"},"sceneLighting":false,"audioPlay":false,"sceneViewState":{"showFog":true,"showMaterialUpdate":false,"showSkybox":true,"showFlares":true,"showImageEffects":true,"showParticleSystems":true},"in2DMode":false,"pivot":{"x":422.30242919921877,"y":0.4563267230987549,"z":211.07537841796876},"rotation":{"x":-0.13063150644302369,"y":0.6740241646766663,"z":-0.12286744266748429,"w":-0.7166103720664978},"size":3.914228677749634,"orthographic":false}