{"cameraMode":{"drawMode":0,"name":"Shaded","section":"Shading Mode"},"sceneLighting":false,"audioPlay":false,"sceneViewState":{"showFog":true,"showMaterialUpdate":false,"showSkybox":true,"showFlares":true,"showImageEffects":true,"showParticleSystems":true},"in2DMode":false,"pivot":{"x":445.91522216796877,"y":2.761565685272217,"z":229.4151611328125},"rotation":{"x":0.0016674564685672522,"y":0.3887820243835449,"z":-0.0007037646137177944,"w":0.9213280081748962},"size":5.665534496307373,"orthographic":false}