{"cameraMode":{"drawMode":0,"name":"Shaded","section":"Shading Mode"},"sceneLighting":false,"audioPlay":false,"sceneViewState":{"showFog":true,"showMaterialUpdate":false,"showSkybox":true,"showFlares":true,"showImageEffects":true,"showParticleSystems":true},"in2DMode":false,"pivot":{"x":413.28192138671877,"y":18.957122802734376,"z":288.5694885253906},"rotation":{"x":-0.054579492658376697,"y":0.2680433392524719,"z":0.015211245976388455,"w":0.9617393612861633},"size":157.65939331054688,"orthographic":false}